Walgreens 13668,-122.419535698,37.7752385152,1496 Market St,San Francisco,CA,94102,6004
Walgreens 13669,-122.406558481,37.785436827,776 Market St,San Francisco,CA,94102,2514
TENDERLOIN GROCERY,-122.410182749,37.7835752304,62 Turk St,San Francisco,CA,94102,2808
Hyde & Turk Market,-122.415875457,37.7823521525,161 Hyde St,San Francisco,CA,94102,3605
Mason Deli & Market,-122.4092166,37.78369182,39 Mason St,San Francisco,CA,94102,2805
City Supermarket,-122.414211711,37.7863091694,667 Geary St,San Francisco,CA,94102,1646
Big Boy Market,-122.413573193,37.7821902745,180 Golden Gate Ave,San Francisco,CA,94102,3810
Victoria Liquor and Groceries,-122.422845203,37.7748518068,201 Gough St,San Francisco,CA,94102,5905
El Dorado Market,-122.412071325,37.7825230237,124 Jones St,San Francisco,CA,94102,3922
Golden Gate Market,-122.414310637,37.7831705355,225 Leavenworth St,San Francisco,CA,94102,2610
Downtown Grocery and Liquor,-122.412907694,37.7836651626,289 Eddy St,San Francisco,CA,94102,2715
Green Valley Market,-122.414130772,37.7845105253,491 Ellis St,San Francisco,CA,94102,1927
Paradise Coffee & Donuts,-122.412152264,37.7856166914,453 Ofarrell St,San Francisco,CA,94102,2009
WALGREENS #2153,-122.420336094,37.7826938948,790 Van Ness Ave,San Francisco,CA,94102,3218
Azaal Market,-122.413914935,37.783026644,200 Leavenworth St,San Francisco,CA,94102,2611
GROVE STREET MARKET,-122.425057535,37.7777476237,500 Grove St,San Francisco,CA,94102,4206
RIGHT WAY MARKET,-122.414265671,37.7859224609,596 Ofarrell St,San Francisco,CA,94102,1932
O'FARRELL LIQUORS,-122.411531732,37.7857695762,405 Ofarrell St,San Francisco,CA,94102,2009
WALGREENS 04558,-122.422494467,37.7762457559,300 Gough St,San Francisco,CA,94102,5104
SALAMA HALAL MEAT,-122.413636145,37.7869566813,604 Geary St,San Francisco,CA,94102,1647
WALGREENS 07043,-122.408842759,37.7889891491,459 Powell St,San Francisco,CA,94102,1503
Bel Clift Market,-122.412044345,37.7871635253,516 Geary St,San Francisco,CA,94102,1641
MARYLAND MARKET,-122.414436542,37.7830356372,300 Turk St,San Francisco,CA,94102,3704
S & W MARKET,-122.428600864,37.7721178678,399 Haight St,San Francisco,CA,94102,6128
BATTAMBANG MARKET,-122.413186484,37.7836561694,339 Eddy St,San Francisco,CA,94102,2606
FOX LIQUOR & DELI,-122.417197461,37.7830356372,570 Larkin St,San Francisco,CA,94102,3326
SF Princess Market,-122.41537935,37.78190594,112 Hyde St,San Francisco,CA,94102,3606
WALGREENS 890,-122.408294172,37.7860033999,135 Powell St,San Francisco,CA,94102,2203
Heart of the City Farmers Market,-122.41459842,37.7792944576,1182 Market St,San Francisco,CA,94102,4990
HAYES MARKET,-122.428133216,37.7764526,698 Hayes St,San Francisco,CA,94102,4130
YOUNG ELLIS PRODUCE,-122.412494006,37.7851220643,398 Ellis St,San Francisco,CA,94102,2710
CENTRAL TOWERS MARKET,-122.414958149,37.7831615423,352 Turk St,San Francisco,CA,94102,3704
SUPERETTE MARKET,-122.409841006,37.7844745525,128 Eddy St,San Francisco,CA,94102,2708
WALGREENS 1283,-122.411333881,37.7871455389,500 Geary St,San Francisco,CA,94102,1641
STAR LIGHT MARKET,-122.412494006,37.7851220643,402 Ellis St,San Francisco,CA,94102,1928
WALGREENS #4680,-122.406558481,37.785436827,730 Market St,San Francisco,CA,94102,2502
PITCO MARKET,-122.414130772,37.7849781728,488 Ellis St,San Francisco,CA,94102,1928
California Grocery,-122.409939932,37.7839889186,123 Eddy St,San Francisco,CA,94102,2706
G & H LIQUOR & GROCERY,-122.412682864,37.7831705355,201 Jones St,San Francisco,CA,94102,2608
SUPER 7 FOODS,-122.423141979,37.7794653288,691 McAllister St,San Francisco,CA,94102,3111
T L Tobacco & Market,-122.414337617,37.7825410101,301 Turk St,San Francisco,CA,94102,3703
Daldas Market,-122.411252942,37.7843306609,200 Eddy St,San Francisco,CA,94102,2716
CIVIC CENTER MARKET,-122.416172233,37.7779904406,1292 Market St,San Francisco,CA,94102,4801
Tip Top Market,-122.409959,37.78334,84-90 Turk St,San Francisco,CA,94102,2808
Radman's Produce Market,-122.412943667,37.7826489287,201 Turk St Ste D,San Francisco,CA,94102
MC ALLISTER LIQUOR AND GROCERY,-122.414499494,37.7811380677,136 McAllister St,San Francisco,CA,94102,4907
EMPIRE MARKET,-122.414013861,37.7835392576,399 Eddy St,San Francisco,CA,94102,2606
NICK'S SUPER MARKET,-122.423231911,37.7742402678,144 PAGE STREET,SAN FRANCISCO,CA,94102
Oak Hill Market,-122.427323826629,37.7742672474324,497 Oak St,San Francisco,CA,94102,5609
Cool Super Discount Market,-122.41090929,37.78413267,199 Eddy St,San Francisco,CA,94102,2706
Metro Market,-122.413887955511,37.7833324134877,236 Leavenworth St,San Francisco,CA,94102,2611
Noble Grocery Inc,-122.41245803,37.7765875,156 8th St,San Francisco,CA,94103,2724
FRED'S LIQUOR & DELI,-122.422683325,37.7700943932,200 Valencia St,San Francisco,CA,94103,2318
TRADER JOE'S 78,-122.407313911,37.7710296881,555 9TH STREET,SAN FRANCISCO,CA,94103
RITE BY GROCERY,-122.41010181,37.781677661,22 6th St,San Francisco,CA,94103
SAFEWAY 1490,-122.409121549,37.7666050237,2300 16TH ST.,SAN FRANCISCO,CA,94103
CASA THAI MARKET,-122.420282135,37.7653459729,3020 16th St,San Francisco,CA,94103,3403
WALGREEN CO 3185,-122.406036874,37.7847443491,825 Market St,San Francisco,CA,94103,1901
Island Earth Farmers Market,-122.404169253,37.7844643985,101 4th St,San Francisco,CA,94103,3099
Singh Grocery Store,-122.408581956,37.7804006237,514 Minna St,San Francisco,CA,94103,2811
GO GO MARKET & DELI,-122.41429265,37.776209783,99 9th St,San Francisco,CA,94103,1401
YERBA BUENA MARKET,-122.406792305,37.7797081457,201 6th St,San Francisco,CA,94103,4011
WALGREENS 1126,-122.419148989,37.7655618102,1979 Mission St,San Francisco,CA,94103,3404
NEW STAR MARKET,-122.419454759,37.7681158848,269 14th St,San Francisco,CA,94103,2428
E & M MARKET,-122.421712057,37.7664071729,399 Valencia St,San Francisco,CA,94103,3504
ALL DAY CAFE,-122.412503,37.7799419694,1105 Market St,San Francisco,CA,94103,1513
VAL MAR MARKET,-122.422773257,37.771308478,16 Valencia St,San Francisco,CA,94103,1102
HWA LEI MARKET,-122.419042711,37.765140783,2970A 16th St,San Francisco,CA,94103
Spotlite Market,-122.424589888,37.7665870373,298 Guerrero St,San Francisco,CA,94103,2313
FIDA MARKET,-122.419409793,37.7660294576,1939 Mission St,San Francisco,CA,94103,3404
Val 16 Market,-122.421595145,37.7651751017,3100 16th St,San Francisco,CA,94103,3328
City Produce,-122.407799545,37.7798340508,174 6th St,San Francisco,CA,94103,2827
La Loma Produce 14,-122.420677837,37.765229061,3052 16th St,San Francisco,CA,94103,3419
Urban Table Farmers' Markets,-122.407908,37.78272805,Mason St/Mint Plaza,San Francisco,CA,94103
Nicks Food,-122.421295166016,37.7730712890625,1659 Market St,San Francisco,CA,94103,1238
UNIMART,-122.411567705,37.7759399864,1201 HOWARD ST,SAN FRANCISCO,CA,94103
FREDS LIQUOR & GROCERY,-122.40770062,37.7804815627,151 6th St,San Francisco,CA,94103,2830
DIANA MKT 2,-122.412044345,37.7737816135,282 9th St,San Francisco,CA,94103,3807
T AND M MARKET,-122.422485474,37.7678550814,300 Valencia St,San Francisco,CA,94103,3505
Empire Liquor & Grocery,-122.424302105,37.7707598915,1859 Market St,San Francisco,CA,94103,1112
SONOMA LIQUORS CO,-122.408896718,37.781434844,65 6th St,San Francisco,CA,94103,1610
"RAINBOW GROCERY, INC",-122.415290898,37.7693479559,1745 Folsom St,San Francisco,CA,94103,3711
TRAVELER'S LIQUOR,-122.41219723,37.7799149898,22 7th St,San Francisco,CA,94103,1508
WALGREEN'S 4609,-122.416361091,37.776740383,1301 Market St,San Francisco,CA,94103,1307
HARVEST URBAN MARKET,-122.411073078,37.776209783,191 8th St,San Francisco,CA,94103,2725
Foods Co 357,-122.416118274,37.7678281017,1800 Folsom St,San Francisco,CA,94103,4235
RANDAS MARKET,-122.422566413,37.7646534949,3131 16th St,San Francisco,CA,94103,3327
Costco Wholesale 0144,-122.41110905,37.7704900949,450 10th St,San Francisco,CA,94103,4304
Mi Tierra Supermarket,-122.407601695,37.7797081457,1000 Howard St,San Francisco,CA,94103
ASAD MARKET,-122.412350115,37.7746629491,229 9th St,San Francisco,CA,94103,3806
Bristol Farms 0017,-122.407411354946,37.784469005641,845 Market St,San Francisco,CA,94103,1934
7-eleven 33434A,-122.40368964,37.78702863,711 Market St,San Francisco,CA,94103,2101
CVS Pharmacy 2852,-122.40416725,37.78704867,731 Market St,San Francisco,CA,94103
Nilare Dollar Only,-122.420343605728,37.7650346565878,3030 16th St,San Francisco,CA,94103,3403
WALGREENS 02521,-122.402349654,37.7923975795,300 MONTGOMERY ST,SAN FRANCISCO,CA,94104,1902
WALGREENS 05618,-122.400452084,37.7914982575,100 Sansome St,San Francisco,CA,94104,3802
WALGREENS 04275,-122.397547274,37.7901672609,456 Mission St,San Francisco,CA,94105,2502
WALGREENS 06291,-122.400425105,37.7870466135,116 NEW MONTGOMERY ST,SAN FRANCISCO,CA,94105,3607
WALGREENS 07044,-122.394003945,37.7921457694,88 Spear St,San Francisco,CA,94105,1550
NEILLS GROCERY,-122.395236017,37.781147061,521 3rd St,San Francisco,CA,94107,1832
Whole Foods Market,-122.402727369,37.7631606204,450 Rhode Island St,San Francisco,CA,94107,2320
M & W MARKET,-122.397924989,37.7550037696,1800 23rd St,San Francisco,CA,94107,3353
WALGREENS 01297,-122.396189298,37.7777566169,670 4th St,San Francisco,CA,94107,1618
POTRERO TERRACE MARKET,-122.398860284,37.7545091424,990 Wisconsin St,San Francisco,CA,94107,3349
Harveys Place,-122.403168037,37.7797800915,330 5th St,San Francisco,CA,94107,1002
KANSAS FOOD MARKET,-122.40239462,37.7547519594,2250 23rd St,San Francisco,CA,94107,3207
THE GOOD LIFE GROCERY,-122.396827817,37.7602198373,1524 20th St,San Francisco,CA,94107,2809
RENO'S LIQUOR,-122.388868817,37.7581334102,728 22nd St,San Francisco,CA,94107,3424
SAFEWAY 2606,-122.391818593,37.7786289593,298 King St,San Francisco,CA,94107,1702
WHOLE FOODS MARKET 20,-122.398851291,37.7809492101,399 4th St,San Francisco,CA,94107,1236
WANG CHUNG CO.,-122.407107067,37.7952394372,838 Washington St,San Francisco,CA,94108,1206
WING SCENE FOOD INC,-122.407637667,37.7939084406,898 Stockton St,San Francisco,CA,94108,2121
LONG HUA'S GROCERY STORE,-122.407799545,37.7947178304,906 Stockton St,San Francisco,CA,94108,1608
WALGREENS 03383,-122.404040379,37.789231966,141 Kearny St,San Francisco,CA,94108,4801
Noodle City,-122.409851074219,37.7952995300293,1165 Powell St,San Francisco,CA,94108,1105
Nissan Produce Market. Inc,-122.40848303,37.7955452066,1055 Stockton St,San Francisco,CA,94108,1109
YUE FUNG GROCERY,-122.40848303,37.7955452066,1037 Stockton St,San Francisco,CA,94108,1109
D & D Market,-122.407385857,37.7939534067,881 Clay St,San Francisco,CA,94108,1613
GOLDEN WAY TRADING COMPANY,-122.40808757,37.79517144,1024 Stockton St,San Francisco,CA,94108,1110
Wing Lung Company,-122.407655654,37.7948437355,895 Washington St,San Francisco,CA,94108,1210
7-Eleven 33437T,-122.404049373,37.7896366609,217 Sutter St,San Francisco,CA,94108,4401
Rainbow House LLC,-122.40806773,37.7950869,1014 Stockton St,San Francisco,CA,94108,1110
Woerners Liquors,-122.41828564,37.7858145423,901 Geary St,San Francisco,CA,94109,7001
TOWN & COUNTRY MARKET,-122.411954413,37.7879819084,600 Post St,San Francisco,CA,94109,8222
Walgreens 13666,-122.41909503,37.7891150541,1300 Bush St,San Francisco,CA,94109,5612
Kings Liquor & Deli,-122.413096552,37.7875142609,693 Post St,San Francisco,CA,94109,8242
K & S Produce Market,-122.418465505,37.7864350745,905 Larkin St,San Francisco,CA,94109,7112
DeLano IGA Market 12,-122.422125745,37.7873164101,1245 Van Ness Ave,San Francisco,CA,94109,5534
SALEM GROCERY,-122.418573423,37.7862642033,920 Geary St,San Francisco,CA,94109,7002
CVS 7955,-122.423609627,37.7944300473,2025 Van Ness Ave,San Francisco,CA,94109,3009
GEARY & HYDE MARKET,-122.416181227,37.7865609796,798 Geary St,San Francisco,CA,94109,7302
WALGREENS 00887,-122.420479986,37.7910216168,1524 Polk St,San Francisco,CA,94109,3607
DEENA'S MARKET,-122.414904189,37.7856886372,600 Ofarrell St,San Francisco,CA,94109,7404
USA MARKET,-122.422746277,37.7828108067,904 Eddy St,San Francisco,CA,94109,7713
Polk St Produce Market,-122.420201196,37.7893218982,1334 Polk St,San Francisco,CA,94109,4618
SIMONE MINI MARKET,-122.419014091,37.7833863728,708 Polk St,San Francisco,CA,94109,7812
WALGREENS 03358,-122.42361862,37.7866419186,1301 Franklin St,San Francisco,CA,94109,5413
WALGREENS 05599,-122.421514206,37.7963725829,2120 Polk St,San Francisco,CA,94109,2507
Market Mayflower & Deli,-122.41328541,37.7893039118,985 Bush St,San Francisco,CA,94109,6313
Serve Well Market Inc,-122.416478003,37.7841777762,595 Ellis St,San Francisco,CA,94109,8102
NEW INDIA BAZAR,-122.420210189,37.7870376202,1107 Polk St,San Francisco,CA,94109,5512
Van Ness  Market,-122.420669555664,37.7841758728027,920 Van Ness Ave,San Francisco,CA,94109
U N  MARKET,-122.417035583,37.7874872813,900 Post St,San Francisco,CA,94109,5812
BIG APPLE DISCOUNT CENTER,-122.42071381,37.7922087219,1650 Polk St,San Francisco,CA,94109,3615
BREAD & BUTTER MARKET,-122.419014091,37.7852929355,888 O'FARRELL STREET,SAN FRANCISCO,CA,94109
T & L FOOD MARKET,-122.414472515,37.783557244,405 Eddy St,San Francisco,CA,94109,8104
CALA FOODS 907,-122.41778202,37.7913273863,1095 Hyde St,San Francisco,CA,94109,4916
SUPER ONE T0BACCO & GROCERIES CT,-122.419706569,37.7875412406,1185 Sutter St,San Francisco,CA,94109,5604
HYDE & O'FARRELL MARKET,-122.416504983,37.7852209897,701 Ofarrell St,San Francisco,CA,94109,7114
DISCOUNT GROCERS,-122.420372067,37.787882983,1203 Polk St,San Francisco,CA,94109,5514
ROUND THE CLOCK,-122.413941915,37.7892949185,1001 Bush St,San Francisco,CA,94109,6211
GLADSTONE MARKET,-122.418825233,37.7834133525,678 Eddy St,San Francisco,CA,94109,7907
New Princess Market,-122.41563264,37.7837640881,500 Eddy St,San Francisco,CA,94109,8026
Mid City Market,-122.417647122,37.7864440677,868 Geary St,San Francisco,CA,94109,7228
Cadillac Grocery,-122.415650627,37.7833324135,499 Eddy St,San Francisco,CA,94109,8104
AMIGO MARKET,-122.414715332,37.7848073016,500 Ellis St,San Francisco,CA,94109,8103
VPSF POLK - REAL FOODS,-122.421595145,37.7965344609,2140 Polk St,San Francisco,CA,94109,2507
WHOLE FOODS MARKET,-122.423384796,37.789924444,1765 California St,San Francisco,CA,94109,4509
FOOD & LIQUOR WORLD,-122.413896949,37.7877840575,728 Post St,San Francisco,CA,94109,6106
J&D GROCERIES & LIQUORS,-122.419643616,37.7865969525,1042 Polk St,San Francisco,CA,94109,6936
SUTTER FINE FOODS,-122.416540955,37.7884315694,988 Sutter St,San Francisco,CA,94109,6025
California Produce,-122.41968998,37.78581575,990 Polk St,San Francisco,CA,94109
T & MW MARKET,-122.41765006,37.78517739,785 Ofarrell St,San Francisco,CA,94109,7114
Jerusalem Market,-122.418735301249,37.7881977456663,1100 Sutter St,San Francisco,CA,94109,5608
"MI PUEBLITO MARKET, LLC 1",-122.41814175,37.7528364,2765 Mission St,San Francisco,CA,94110,3103
Rubins Market,-122.41353722,37.7494369662,2997 Folsom St,San Francisco,CA,94110,4027
KING'S BAKERY,-122.418699328,37.7513435289,2846 Mission St,San Francisco,CA,94110,3908
Basa Seafood Express,-122.413384335,37.7527644577,3064 24th St,San Francisco,CA,94110,4130
TWENTY-THIRD & MISSION PRODUCE,-122.418879193,37.7536098204,2700 Mission St,San Francisco,CA,94110,3104
VALENCIA WHOLEFOODS,-122.420839715,37.7570812035,999 Valencia St,San Francisco,CA,94110,2320
WALGREENS 1054,-122.422503461,37.7421164849,3398 Mission St,San Francisco,CA,94110,5009
Best and Fresh Food #2,-122.417871952,37.7498956204,2949 Mission St,San Francisco,CA,94110,3917
TONYS MARKET,-122.407772566,37.7526565391,2751 24th St,San Francisco,CA,94110,4235
K & B Market,-122.40845605,37.7486005967,2887 Bryant St,San Francisco,CA,94110,4809
BABY NUTRITIONAL CARE 1,-122.406099827,37.7541763933,2631 23rd St,San Francisco,CA,94110,3505
CITY DISCOUNT MEAT & GROCERY MKT,-122.419490732,37.7600939323,2298 Mission St,San Francisco,CA,94110,1812
WALGREENS #04231,-122.418978118,37.7540325018,2690 Mission St,San Francisco,CA,94110,3102
EL AHORRO,-122.422899162,37.7414599798,3456 Mission St,San Francisco,CA,94110,5437
CASA LUCAS MARKET,-122.410623417,37.7529353289,2934 24th St,San Francisco,CA,94110,4127
RHEA'S LIQUOR & DELI,-122.421712057,37.7598241356,800 Valencia St,San Francisco,CA,94110,1737
La Loma Produce,-122.42463173,37.73548383,3835 Mission St,San Francisco,CA,94110,5831
NEW CASA MARIA,-122.416109281,37.7538526374,1201 S Van Ness Ave,San Francisco,CA,94110,3216
OROWEAT/ENTENMANN'S 1422,-122.410650396,37.7645185966,1798 Bryant St,San Francisco,CA,94110,1406
POTRERO MARKET,-122.406423583,37.751550373,1298 Potrero Ave,San Francisco,CA,94110,3523
LUCKY PORK MARKET,-122.418303627,37.7545451153,2659 Mission St,San Francisco,CA,94110,3101
49ERS LIQUORS & GROCERIES,-122.423780498,37.7372421595,3701 Mission St,San Francisco,CA,94110,5829
Casa Guadalupe #3,-122.417719067,37.7488344204,2999 Mission St,San Francisco,CA,94110,3917
Duc Loi Supermarket,-122.419661603,37.7619915017,2200 Mission St,San Francisco,CA,94110,1812
Discount Center,-122.421073539,37.7534929086,1200 Valencia St,San Francisco,CA,94110,3029
N & V LIQUOR GROCERY,-122.406909217,37.7531601594,2702 24th St,San Francisco,CA,94110,4212
Walgreens 09886,-122.418429532,37.7486005967,3400 Cesar Chavez,San Francisco,CA,94110,4508
GEORGES MARKET,-122.419535698,37.7607144645,2268 Mission St,San Francisco,CA,94110,1812
La Morena Latino Americana,-122.421739037,37.7422783629,3391 Mission St,San Francisco,CA,94110,5027
Golden Gate Market & Deli,-122.417934905,37.7505341391,2899 Mission St,San Francisco,CA,94110,3907
Ming's Grocery,-122.414130772,37.7558671187,2601 Folsom St,San Francisco,CA,94110,3325
Mi Tierra Market,-122.419104023,37.7644376577,2023 Mission St,San Francisco,CA,94110,1217
NEW HAMPSHIRE MARKET,-122.408033369,37.7590687051,2701 20th St,San Francisco,CA,94110,2823
NEW COLLEGE HILL MARKET,-122.424778745,37.7360730408,3798 Mission St,San Francisco,CA,94110,5843
ALEMANY FARMERS MARKET,-122.412296156,37.7344362748,100 Alemany Blvd,San Francisco,CA,94110,6221
GOOD LIFE GROCERY,-122.41672082,37.738896912,448 Cortland Ave,San Francisco,CA,94110,5538
SAM'S MARKET,-122.409454298,37.747386512,580 Precita Ave,San Francisco,CA,94110,4720
LATINOS MARKET,-122.40848303,37.7574409323,2681 21st St,San Francisco,CA,94110,2847
Tropicana Market,-122.41909503,37.7552735662,2592 Mission St,San Francisco,CA,94110,2512
pott farms,-122.409149169922,37.736213684082,100 Alemany Blvd,San Francisco,CA,94110,6221
stop and shop market,-122.418403625488,37.7488975524902,3000 Mission St,San Francisco,CA,94110,4502
EVERGREEN SUPMKT,-122.418483491,37.7564157052,2539 Mission St,San Francisco,CA,94110,2511
Discount City,-122.41881624,37.7525756001,2784 Mission St,San Francisco,CA,94110,3104
LA PALMA MEXICATESSEN INC,-122.409939932,37.752980295,2884 24th St,San Francisco,CA,94110,4233
FRESH MEAT MARKET,-122.418879193,37.7536098204,2704 Mission St,San Francisco,CA,94110,3104
BELMAR MEAT MARKET,-122.411657637,37.7524856679,2989 24th St,San Francisco,CA,94110,4133
SAMYS MARKET,-122.409481278,37.7525486204,2847 24th St,San Francisco,CA,94110,4213
MISSION MARKET FISH & POULTRY,-122.41909503,37.7552735662,2590 MISSION STREET,SAN FRANCISCO,CA,94110,2576
SAFEWAY 739,-122.421676084,37.7434025154,3350 Mission St,San Francisco,CA,94110,5009
LO-COST MEAT MARKET 2,-122.410488518,37.7529443221,2918 24th St,San Francisco,CA,94110,4127
J.C. SUPER,-122.414193725,37.7387350341,820 Cortland Ave,San Francisco,CA,94110,5631
CASA GUADALUPE #2 SUPERMAKET,-122.417925911,37.7504442069,2909 Mission St,San Francisco,CA,94110,3917
DECAMERE SUPERMARKET,-122.420794749,37.7566765085,1001 Valencia St,San Francisco,CA,94110,2405
All Seasons Market,-122.417826986,37.7601568848,401 Capp St,San Francisco,CA,94110,1809
Casa Guadalupe #1,-122.414679359,37.7554624238,2598 Folsom St,San Francisco,CA,94110,2622
Serve U Market,-122.40979604,37.75780066,2750 21st St,San Francisco,CA,94110,2844
Inti Market & Deli,-122.421154478,37.7444727086,3282 Mission St,San Francisco,CA,94110,5007
Mi Ranchito Produce,-122.419059057,37.7623872034,2169 Mission St,San Francisco,CA,94110,1219
R Image Market,-122.414247684,37.751019773,2896 Folsom St # 98,San Francisco,CA,94110,4014
EL CHICO PRODUCE MARKET #4,-122.411342874,37.7524317086,2965 24th St,San Francisco,CA,94110,4133
BI-RITE,-122.42467982,37.7612810373,3639 18th St,San Francisco,CA,94110,1531
YANGTZE MARKET,-122.4199314,37.7645006102,2026 Mission St,San Francisco,CA,94110,1218
W & K MARKET,-122.414364596,37.7526205662,3098 24th St,San Francisco,CA,94110,4130
ABC MARKET,-122.408519003,37.7497427357,2801 Bryant St,San Francisco,CA,94110,4809
MISSION MEAT MARKET,-122.41909503,37.7552735662,2590 MISSION ST,SAN FRANCISCO,CA,94110
LA LOMA #8,-122.418654362,37.751469434,2840 Mission St,San Francisco,CA,94110,3908
ROSE DELI & GROCERY,-122.406963176,37.7559930238,1000 Potrero Ave,San Francisco,CA,94110,3519
SUN FAT SEAFOOD,-122.418267654,37.7541134408,2687 Mission St,San Francisco,CA,94110,3101
EL Porvenir,-122.413618159,37.757593817,2950 21st St,San Francisco,CA,94110,2740
WALGREENS 03711,-122.405848017,37.7533580103,1189 Potrero Ave,San Francisco,CA,94110,3520
Nutrition & Kids,-122.4064954,37.75300086,2704 24th St,San Francisco,CA,94110,4212
G & M Liquors,-122.4143646,37.75262057,3100 24th St,San Francisco,CA,94110,4012
Mission Community Market,-122.41987695,37.75563891,85 Bartlett Street,San Francisco,CA,94110
Samiramis Market,-122.41818881,37.74918665,2990 Mission St,San Francisco,CA,94110,3918
La Mission Market,-122.419480256579,37.7635148023583,2097 Mission St,San Francisco,CA,94110,1217
WALGREENS 03624,-122.399390884,37.7940343456,275 SACRAMENTO ST,SAN FRANCISCO,CA,94111,3810
WALGREENS 04492,-122.396800837,37.7942681694,33 Drumm St,San Francisco,CA,94111,4805
FERRY PLAZA FARMERS MARKET-CUESA,-122.400186,37.798989757,1 Ferry Building,San Francisco,CA,94111,4231
SAFEWAY 4601,-122.396962715,37.7977125727,145 Jackson St,San Francisco,CA,94111,1915
LA LOMA 3,-122.44802622,37.7108290715,5652 Mission St,San Francisco,CA,94112,4225
EL CHICO PRODUCE MARKET #2,-122.435228867,37.7245976918,4600 Mission St,San Francisco,CA,94112,2606
PACIFIC SUPERMARKET,-122.451623508,37.7128615393,2900 Alemany Blvd,San Francisco,CA,94112,4002
Cordova Market,-122.436272081,37.7136169698,301 Rolph St,San Francisco,CA,94112,4405
R.C. PACKAGE HOUSE,-122.455913274,37.7134730783,98 Broad St,San Francisco,CA,94112,3002
WALGREENS 1393,-122.459654454,37.7248854748,1630 Ocean Ave,San Francisco,CA,94112,1718
EXCELSIOR LIQUOR,-122.433457203,37.7260186206,4501 Mission St,San Francisco,CA,94112,2603
COOL GUYS,-122.461992691,37.7216838884,845 Holloway Ave,San Francisco,CA,94112,2227
New Bosworth Market,-122.428358047,37.7332671561,145 Bosworth St,San Francisco,CA,94112,1003
YICKS LIQUOR,-122.435831413,37.7228799867,4701 Mission St,San Francisco,CA,94112,2729
WALGREENS 01120,-122.435165915,37.7237613223,4645 Mission St,San Francisco,CA,94112,2605
LA LOMA PRODUCE 6,-122.437603077,37.7215310036,4788 Mission St,San Francisco,CA,94112,2745
MANILA ORIENTAL MARKET,-122.428996566,37.7303713392,4175 Mission St,San Francisco,CA,94112,1517
MISSION-SILVER MARKET,-122.431748491,37.7287345731,4304 Mission St,San Francisco,CA,94112,1521
GOLDEN STATE MARKET,-122.427000071,37.7210993291,298 Munich St,San Francisco,CA,94112,2149
SUPER LOW MARKET,-122.433583108,37.7258387562,4515 Mission St,San Francisco,CA,94112,2603
FRUIT BARN,-122.459312711,37.724813529,1616 Ocean Ave,San Francisco,CA,94112,1718
WALGREENS 07150,-122.439707491,37.716117085,965 Geneva Ave,San Francisco,CA,94112,3423
Nicks Food,-122.453476111,37.7230598511,1015 Ocean Ave,San Francisco,CA,94112,1840
CHUCK'S MARKET INC.,-122.44059782,37.7165487596,5137 Mission St,San Francisco,CA,94112,3421
CASA LUCAZ 3,-122.434005789,37.7252811765,4555 Mission St,San Francisco,CA,94112,2603
Quality Gas For Your Cash Arco AM,-122.452751159668,37.7088165283203,5898 Mission St,San Francisco,CA,94112,4018
GM PRODUCE MARKET,-122.440265071,37.7157303765,960 Geneva Ave,San Francisco,CA,94112,3403
"GUZMAN'S PRODUCE MARKET, INC.",-122.442099688,37.7147231359,5229 Mission St,San Francisco,CA,94112,3731
SAM'S MARKET,-122.450544321,37.7164138613,2598 San Jose Ave,San Francisco,CA,94112,3120
GM Fish & Meat Market,-122.440337016,37.7157663494,958 Geneva Ave,San Francisco,CA,94112,3403
Jia Li Market,-122.439635545,37.7187161257,4992 Mission St,San Francisco,CA,94112,3416
SAFEWAY 964,-122.439158905,37.7195974613,4950 Mission St,San Francisco,CA,94112,3416
ROXIE FOOD CENTER,-122.441263318,37.7266211663,1901 San Jose Ave,San Francisco,CA,94112,2406
SNACK AND BOTTLE SHOP,-122.430687291,37.7203528918,644 Persia Ave,San Francisco,CA,94112,2812
FAMILY MARKET,-122.45886305,37.7134191189,198 Broad St,San Francisco,CA,94112,2925
A & N LIQUORS,-122.458620233,37.7241210511,1521 Ocean Ave,San Francisco,CA,94112,1715
Naples Liquors,-122.436613823,37.7132932138,302 Rolph St,San Francisco,CA,94112,4406
San Francisco Farmers Market,-122.438457433,37.7194086036,4929 Mission St,San Francisco,CA,94112,3415
El Porvenir 3,-122.457532054,37.7244358138,1400 Ocean Ave,San Francisco,CA,94112,1732
BROTHER'S MARKET,-122.444608796,37.7124568444,5501 Mission St,San Francisco,CA,94112,4217
Amels Market,-122.441299291,37.7234465596,200 Ocean Ave,San Francisco,CA,94112,2530
YANGTZE MARKET 2,-122.434626322,37.7244627934,4599 Mission St,San Francisco,CA,94112,2603
US Market,-122.426109742,37.7288694714,499 Silver Ave,San Francisco,CA,94112,1620
United Liquor Market,-122.442963037,37.7146332037,5298 Mission St,San Francisco,CA,94112,3732
WOODY'S LIQUOR & GROC,-122.450616267,37.7091923054,5799 Mission St,San Francisco,CA,94112,4208
A & M Low Price Market,-122.435228867,37.7245976918,4598 Mission St,San Francisco,CA,94112,2622
Tienda Santa Marta,-122.435831413,37.7143364274,1201 Geneva Ave,San Francisco,CA,94112,3823
Red Sea Market,-122.439950308,37.7287255799,1801 San Jose Ave,San Francisco,CA,94112,2442
Sorrento Italian Deli,-122.43646993,37.72202563,4763 Mission St,San Francisco,CA,94112,2729
La Familia Market,-122.44123973,37.7162457,5128 Mission St,San Francisco,CA,94112,3422
Mission Martco 356457,-122.441002514694,37.7169984206066,5098 Mission St,San Francisco,CA,94112,3426
Winson Super Market,-122.458816602141,37.7244392601852,1532 Ocean Ave,San Francisco,CA,94112,1716
Mi Tierrita Market,-122.437026029371,37.7216963279959,4791 Mission St,San Francisco,CA,94112,2729
DeLano IGA Market 2,-122.436415972,37.760615539,4201 18th St,San Francisco,CA,94114,2409
WALGREENS 2088,-122.433664047,37.7507589696,1333 Castro St,San Francisco,CA,94114,3620
Noe Valley Farmers' Market,-122.428969586,37.7513525221,3861 24th St,San Francisco,CA,94114,3840
KD's Grog & Groceries,-122.435651549,37.7627469322,2416 Market St,San Francisco,CA,94114,1913
WALGREENS 04529,-122.429509179,37.7666230102,2145 Market St,San Francisco,CA,94114,1321
WALGREENS 01327,-122.435327793,37.7604986272,498 Castro St,San Francisco,CA,94114,2020
CHURCH STREET MARKET,-122.428537911,37.7660204644,301A Church St,San Francisco,CA,94114,1718
GOLDEN PRODUCE,-122.429374281,37.7681698441,172 Church St,San Francisco,CA,94114,1111
17TH AND NOE MARKET,-122.432764725,37.7628008916,3900 17th St,San Francisco,CA,94114,2010
ROSSI'S ITALIAN DELICATESSEN,-122.435417725,37.7619645221,426 Castro St,San Francisco,CA,94114,2020
SAFEWAY 1507,-122.427845433,37.7691231254,2020 Market St,San Francisco,CA,94114,1314
Whole Foods Market 10379,-122.430867155,37.7518921153,3950 24th St,San Francisco,CA,94114,3704
Buffalo Whole Food & Grain Co,-122.43487984,37.75934266,598 Castro St,San Francisco,CA,94114,2512
Convenience Deli & Grocery,-122.427647583,37.7822442338,1201 Laguna St,San Francisco,CA,94115,4223
WALGREENS 2152,-122.43370002,37.7867588304,1899 Fillmore St,San Francisco,CA,94115,3125
WALGREENS 02866,-122.439581586,37.7822352406,1363 Divisadero St,San Francisco,CA,94115,3912
STEWART'S MARKET,-122.441416203,37.7852569626,2498 Sutter St,San Francisco,CA,94115,3016
THIRD WORLD MARKET,-122.431784464,37.780904244,1200 Fillmore St,San Francisco,CA,94115,4111
SAFEWAY 995,-122.431100979,37.7823071864,1335 WEBSTER STREET,SAN FRANCISCO,CA,94115
CHARLIES DRUGS,-122.432261105,37.7798070711,1101 Fillmore St,San Francisco,CA,94115,4711
GRAND CENTRAL MARKET,-122.434815179,37.7884675423,2435 California St,San Francisco,CA,94115,2619
ROYAL MARKET,-122.443241827,37.7840968372,1401 Baker St,San Francisco,CA,94115,2906
WALGREENS 1241,-122.479106789,37.7426560781,1201 Taraval St,San Francisco,CA,94116,2442
PARKSIDE FARMERS MARKET,-122.472253955,37.7429708408,555 Taraval St,San Francisco,CA,94116,2511
7-Eleven 20473B,-122.490042545,37.7426650713,2222 Taraval St,San Francisco,CA,94116,2250
AMITY MARKET,-122.502318291,37.7421254781,3350 Taraval St,San Francisco,CA,94116,2043
SAFEWAY 909,-122.473917701,37.7436183527,730 Taraval St,San Francisco,CA,94116,2515
SUNSET SUPER,-122.497273094,37.7381145019,2801 Vicente St,San Francisco,CA,94116,2721
WALGREENS #04570,-122.498712009,37.741792729,3001 Taraval St,San Francisco,CA,94116,2106
New Santa Clara Market,-122.435489671,37.7712365322,799 Haight St,San Francisco,CA,94117,3316
NEW LITE MARKET,-122.44587684,37.770373183,1416 Haight St,San Francisco,CA,94117,2911
FALLETTI FOODS,-122.438817162,37.7725945085,308 Broderick St,San Francisco,CA,94117,2275
WALGREENS 1307,-122.430660311,37.7718480712,499 Haight St,San Francisco,CA,94117,3505
GREEN EARTH,-122.438007772,37.7776576915,860 Divisadero St,San Francisco,CA,94117,1506
Cindys Market,-122.45071985,37.77338601,2084 Hayes St,San Francisco,CA,94117,1128
THE REAL FOOD COMPANY,-122.452981484,37.7650042305,1023 Stanyan St,San Francisco,CA,94117,3808
HOME SERVICE MARKET,-122.444671749,37.7742672474,1700 Hayes St,San Francisco,CA,94117,1218
HAIGHT & FILLMORE WHOLE FOODS,-122.430660311,37.7718480712,503 Haight St,San Francisco,CA,94117,3406
Lucky 756,-122.445040471,37.7761198508,1750 Fulton St,San Francisco,CA,94117,1204
HAIGHT STREET MARKET INC,-122.447585552,37.7702113051,1530 Haight St,San Francisco,CA,94117,2913
OAK FAIR MARKET,-122.435462691,37.7732330271,999 Oak St,San Francisco,CA,94117,2310
O'LOONEY'S MARKET,-122.431874396,37.7721628339,588 Haight St,San Francisco,CA,94117,3407
KJ PRODUCE MARKET,-122.437531132,37.7723067254,301 Divisadero St,San Francisco,CA,94117,2208
COUNTRY CHEESE CO,-122.437872874,37.7737456407,415 Divisadero St,San Francisco,CA,94117,2210
DIVISADERO MEAT MARKET,-122.437513145,37.7751755627,600 Divisadero St,San Francisco,CA,94117,1502
H & W GROCERY & LIQUORS,-122.429913874,37.7758500542,801 Hayes St,San Francisco,CA,94117,2614
TRANSFER MARKET,-122.438601325,37.7775227932,861 Divisadero St,San Francisco,CA,94117,1505
SUPERETTE MARKET,-122.437189389,37.7710476746,901 Haight St,San Francisco,CA,94117,3106
CENTRAL HAIGHT MARKET,-122.443934305,37.7702562712,1301 Haight St,San Francisco,CA,94117,2908
DIVISADERO FARMERS MARKET,-122.437468179,37.7748338203,550 Divisadero St,San Francisco,CA,94117,2213
Walgreens 06557,-122.452262027,37.7642847729,199 Parnassus Ave,San Francisco,CA,94117,4260
AA MARKET,-122.440094199,37.7764166271,667 Broderick St,San Francisco,CA,94117,1411
CHEERS,-122.431811444,37.7775317864,867 Fillmore St,San Francisco,CA,94117,1703
Low-Cost Meat Market 3,-122.430416012456,37.7721393006193,498 Haight St,San Francisco,CA,94117,3506
Whole Foods Market 10362,-122.452819606159,37.7695458067786,690 Stanyan St,San Francisco,CA,94117,1863
SMART & FINAL 351,-122.465086359,37.7818395389,350 7th Ave,San Francisco,CA,94118,2322
Walgreens 13667,-122.475653392,37.7808502847,5280 Geary Blvd,San Francisco,CA,94118,2818
Russian Deli Inc.,-122.468818545,37.7805085423,4605 Geary Blvd,San Francisco,CA,94118,2906
7-Eleven 22627,-122.474169511,37.7808862576,5100 Geary Blvd,San Francisco,CA,94118,2816
BEST AND FRESH FOOD,-122.465248237,37.7831705355,538 Clement St,San Francisco,CA,94118,2324
WALGREENS 3849,-122.467163793,37.782576983,745 Clement St,San Francisco,CA,94118,2216
"The Best and Fresh Food, Inc.",-122.46485239,37.78296778,538 Clement St,San Francisco,CA,94118,2324
Third Avenue Food Mart,-122.461534037,37.7851670304,4101 California St,San Francisco,CA,94118,1311
"WING HING SEAFOOD MARKET, INC.",-122.466057626,37.7826219491,633 Clement St,San Francisco,CA,94118,2206
CHEUNG HING CHINESE DELI & MEAT,-122.462712148,37.7827748338,323 Clement St,San Francisco,CA,94118,2315
ARGUELLO SUPER MARKET,-122.458116613,37.7756522034,782 Arguello Blvd,San Francisco,CA,94118,4066
RICHMOND NEW MAY WAH SUPERMARKET,-122.46684903,37.7825859762,707 Clement St # 719,San Francisco,CA,94118,2216
T & L MARKET,-122.462972952,37.7827658406,339 Clement St,San Francisco,CA,94118,2315
Walgreens 00896,-122.453539064,37.7861382982,3601 California St,San Francisco,CA,94118,1701
"NEW LIEN HING, LLC",-122.46359348,37.78323349,400 Clement St,San Francisco,CA,94118,2318
Safeway 2646,-122.465419108,37.7747438881,735 7th Ave,San Francisco,CA,94118,3808
4TH & GEARY FARMERS MARKET,-122.461920745,37.7808143118,3953 Geary Blvd,San Francisco,CA,94118,3218
TRADER JOE'S 100,-122.44774743,37.7833414067,3 Masonic Ave,San Francisco,CA,94118,3409
GOLDEN GATE CENTRAL MARKET,-122.445283288,37.7776846711,2101 Golden Gate Ave,San Francisco,CA,94118,4412
Denhards Market,-122.46840486,37.77501368,701 10th Ave,San Francisco,CA,94118,3610
EUROPEAN FOOD,-122.492030047,37.7819384643,3038 Clement St,San Francisco,CA,94121,1715
Liberty Market Inc,-122.482353342,37.779923983,5851 Geary Blvd,San Francisco,CA,94121,2004
GASTRONOM,-122.481750796,37.779923983,5801 Geary Blvd,San Francisco,CA,94121,2004
DELANO IGA MARKET 1,-122.487389545,37.7796361999,6333 Geary Blvd,San Francisco,CA,94121,1823
Richmond Produce Market,-122.478872965,37.7800498881,5527 Geary Blvd,San Francisco,CA,94121,2208
MOSCOW & TBILISI BAKERY STORE,-122.479151755,37.7806074677,5540 Geary Blvd,San Francisco,CA,94121,2209
WALGREENS 3475,-122.503496403,37.7794383491,25 Point Lobos Ave,San Francisco,CA,94121,1530
THOM'S NATURAL FOODS,-122.482164484,37.7799329762,5843 Geary Blvd,San Francisco,CA,94121,2004
evergreen market ll,-122.47957295,37.78001736,5601 Geary Blvd,San Francisco,CA,94121,2214
Royal Market and Bakery,-122.476957409,37.7802387457,5335 Geary Blvd,San Francisco,CA,94121,2322
EL GRANDE PRODUCE MARKET 1,-122.483027833,37.7823521525,2214 Clement St,San Francisco,CA,94121,2019
NEW WORLD MARKET,-122.480212955,37.7799869355,5641 Geary Blvd,San Francisco,CA,94121,2214
SAFEWAY 785,-122.509422935,37.7723516915,850 La Playa St,San Francisco,CA,94121,3219
EUROPA PLUS,-122.476993382,37.7806973999,5350 Geary Blvd,San Francisco,CA,94121,2323
EUROPA EXPRESS,-122.509746691,37.7739344983,750 La Playa St,San Francisco,CA,94121,3262
NEW WING HING SEAFOOD MARKET,-122.483198704,37.7823431593,2222 Clement St,San Francisco,CA,94121,2019
ISRAELS KOSHER MEAT MARKET,-122.479709335,37.7800139152,5621 Geary Blvd,San Francisco,CA,94121,2214
BALBOA PRODUCE,-122.497947586,37.775472339,3635 Balboa St,San Francisco,CA,94121,2603
25th & Clement Produce Market 1,-122.48439703,37.78206297,2354 Clement St,San Francisco,CA,94121,1920
D & A Supermarket,-122.481615898,37.7631156543,2201 Irving St,San Francisco,CA,94122,1618
OTHER AVENUES COMMUNITY FD STORE,-122.504341765,37.7607414441,3930 Judah St,San Francisco,CA,94122,1121
BROTHERS MINI MARKET,-122.504854379,37.7527284848,3845 Noriega St,San Francisco,CA,94122,3933
CHARLIES MARKET,-122.500420721,37.7626749865,3960 Irving St,San Francisco,CA,94122,1217
Man Hing Market,-122.465895748,37.7628098848,1368 9th Ave,San Francisco,CA,94122,2309
EUROPA EXPRESS,-122.47243382,37.7639969899,1342 Irving St,San Francisco,CA,94122,2014
EASY MONEY,-122.482865955,37.7635563221,2312 Irving St,San Francisco,CA,94122,1621
EL GRANDE PRODUCE MARKET 2,-122.482380321,37.7537267323,1735 Noriega St,San Francisco,CA,94122,4307
A-1 LIQUOR GROCERY & DELI,-122.501445948,37.7622433119,4055 Irving St,San Francisco,CA,94122,1218
ROYAL FOOD STORE,-122.4831235,37.7623395398,401-A JUDAH,SAN FRANCISCO,CA,94122
828 IRVING MARKET,-122.466902989,37.7642667865,828 Irving St,San Francisco,CA,94122,2311
7-Eleven 20450B,-122.505591823,37.7606874848,1388 46th Ave,San Francisco,CA,94122,1113
SAFEWAY 985,-122.488819467,37.7541314272,2350 Noriega St,San Francisco,CA,94122,4240
ANDRONICO'S MARKET #3,-122.471165776,37.7643477254,1200 IRVING ST,SAN FRANCISCO,CA,94122,1676
22ND & IRVING PRODUCE 9,-122.480545704,37.7631696136,2101 Irving St,San Francisco,CA,94122,1609
PARKS FARMERS MARKET,-122.46232544,37.7643747051,400 Irving St,San Francisco,CA,94122,2512
Eddys Food Market,-122.46816204,37.7637092068,951 Irving St,San Francisco,CA,94122,2206
Walgreens 02705,-122.480158996,37.7636822271,2050 Irving St,San Francisco,CA,94122,1716
JL Foods,-122.491157704,37.7533400238,2551 Noriega St,San Francisco,CA,94122,4126
ROXIE  MARKET & DELICATESSEN,-122.466354403,37.7604806407,500 Kirkham St,San Francisco,CA,94122,3611
PARKS FARMERS MARKET #2,-122.467118826,37.7642488,840 Irving St,San Francisco,CA,94122,2311
Sunset Super,-122.483972121,37.7630077356,2425 Irving St,San Francisco,CA,94122,1528
WALGREENS 03869,-122.482605152,37.7542663255,1750 Noriega St,San Francisco,CA,94122,4308
Lien Fat,-122.47854384,37.76348829,1931 Irving St,San Francisco,CA,94122,1713
San Francisco Natural Grocery,-122.462090134328,37.7641982871006,403 Irving St,San Francisco,CA,94122,2511
Noriega Market,-122.49018644,37.7538976,2444 Noriega St,San Francisco,CA,94122,4242
Walgreens 06625,-122.438538372,37.8002396676,2141 Chestnut St,San Francisco,CA,94123,2708
WALGREENS 01403,-122.443025989,37.7992863863,3201 Divisadero St,San Francisco,CA,94123,2501
SAFEWAY 1711,-122.433007542,37.8045743998,15 Marina Blvd,San Francisco,CA,94123,1201
MARINA SUPER,-122.441712979,37.7998349727,2323 Chestnut St,San Francisco,CA,94123,2609
VPSF - FILMORE,-122.435354772,37.7977845185,3060 Fillmore St,San Francisco,CA,94123,4010
SURFSIDE LIQUOR & GROCERY,-122.376530118,37.7327635358,950 Innes Ave,San Francisco,CA,94124,2905
JR Seafood LLC,-122.405740098,37.7428179561,310 Bay Shore Blvd,San Francisco,CA,94124,1507
STAR MARKET AND LIQUOR,-122.390055922,37.7376378612,4400 3rd St,San Francisco,CA,94124,2104
Mikes Market,-122.398347671,37.7363158578,2200 Silver Ave,San Francisco,CA,94124,2035
Saabis Discount Groceries,-122.390793366,37.7335459459,4921 3rd St,San Francisco,CA,94124,2309
A.M.S. MARKET,-122.40739485,37.739427512,500 Bay Shore Blvd,San Francisco,CA,94124,1511
JERUSALEM MARKET,-122.392798854,37.7221245562,1300 Fitzgerald Ave,San Francisco,CA,94124,3253
Upper Crust Deli 1,-122.391935505,37.7322958883,5100 3rd St,San Francisco,CA,94124,2302
SMART & FINAL 438,-122.405434328,37.74171179,355 Bay Shore Blvd,San Francisco,CA,94124,1506
Lee's Food Market,-122.38647662,37.7292741663,1397 Revere Ave,San Francisco,CA,94124,3340
WALGREEN 5487,-122.392915766,37.7294630239,5300 3rd St,San Francisco,CA,94124,2604
Double Rock Grocery,-122.391380310059,37.7212257385254,2830 Ingalls St,San Francisco,CA,94124,3630
ANGUS MEAT OUTLET,-122.387960501,37.7449763289,3450 3rd St,San Francisco,CA,94124,1439
Dollar Store & More,-122.391279,37.7340046002,4900 3rd St,San Francisco,CA,94124,2310
WALGREENS CO 2244,-122.387384935,37.7419456137,3801 3rd St,San Francisco,CA,94124,1446
FOODS CO 351,-122.399309945,37.7297867799,345 Williams Ave,San Francisco,CA,94124,2547
BAY VIEW LIQUOR,-122.390757393,37.7355964002,4700 3rd St,San Francisco,CA,94124,2307
KENNEDY'S MARKET AND DELI,-122.390478603,37.7363878036,4600 3rd St,San Francisco,CA,94124,2364
SUPER SAVE MARKET,-122.3896872,37.7365496815,4517 3rd St,San Francisco,CA,94124,2105
TORINO GROCERY MARKET,-122.391117122,37.7344722476,4830 3rd St,San Francisco,CA,94124,2308
FRIENDLY LIQUOR,-122.38943539,37.7291032951,1499 Thomas Ave,San Francisco,CA,94124,2741
Bayshore Farmer's Market,-122.405641173,37.7431327188,300 Bay Shore Blvd,San Francisco,CA,94124,1507
SAV MOR MART,-122.390172834,37.7371522273,4500 3rd St,San Francisco,CA,94124,2106
El Aguila de Oro,-122.39187255,37.73047026,5201 3rd St,San Francisco,CA,94124,2601
Walgreens 13670,-122.468395864,37.7389328849,200 W Portal Ave,San Francisco,CA,94127,1423
MOLLIE STONE'S Tower Market,-122.452289006,37.7447245188,635 Portola Dr,San Francisco,CA,94127,1207
SAFEWAY 759,-122.449555067,37.7312346883,625 Monterey Blvd,San Francisco,CA,94127,2396
Walgreens 04180,-122.452900545,37.7443557967,685 Portola Dr,San Francisco,CA,94127,1207
Island Market Deli,-122.368855,37.8104923349,2 Ave of Palms Blvd,San Francisco,CA,94130
TREASURE ISLAND MINI MART & DELI,-122.368855,37.8104923349,BLDG 363 9TH ST AVE C,SAN FRANCISCO,CA,94130
Chenery Market,-122.425821959,37.7396793222,100 Chenery St,San Francisco,CA,94131,2709
CANYON MARKET,-122.433789952,37.7340225866,2815 Diamond St,San Francisco,CA,94131,3004
SAFEWAY 667,-122.43897904,37.74383419,5290 Diamond Heights Blvd,San Francisco,CA,94131,2118
Walgreens 01109,-122.43897904,37.74383419,5260 Diamond Heights Blvd,San Francisco,CA,94131,2118
Walgreens 13671,-122.469807799,37.7100826342,3931 Alemany Blvd,San Francisco,CA,94132,3293
Ocean View Supermarket LLC,-122.469807799,37.7100826342,3995 Alemany Blvd,San Francisco,CA,94132,3206
Trader Joes 236,-122.476157013,37.726198485,265 Winston Dr,San Francisco,CA,94132,1921
Brotherhood Market,-122.465527026,37.7141385766,301 Randolph St,San Francisco,CA,94132,3119
FAIRVIEW MARKET INC,-122.462901006,37.7140846172,295 Orizaba Ave,San Francisco,CA,94132,3136
NORMAN'S LIQUOR,-122.469421091,37.7140666308,733 Randolph St,San Francisco,CA,94132,3027
Walgreens 02005,-122.472739589,37.7317203222,2550 Ocean Ave,San Francisco,CA,94132,1614
Lucky 755,-122.488765508,37.7338876883,1515 Sloat Blvd,San Francisco,CA,94132,1222
PARK PLAZA FINE FOODS,-122.473674884,37.7178347901,111 Cambon Dr,San Francisco,CA,94132,2551
JJCK Trading Company Inc,-122.40767588,37.79777148,638 Broadway,San Francisco,CA,94133,4406
SEASONAL FRUIT SPECIAL,-122.407808539,37.7961387592,768 Jackson St,San Francisco,CA,94133,4909
MING LEE TRADING,-122.4077276,37.7957250711,759 Jackson St,San Francisco,CA,94133,4911
New United Supermarket,-122.408581956,37.7960578202,1117 Stockton St,San Francisco,CA,94133,4906
GUM SING MARKET INC.,-122.408015383,37.7970111016,774 Pacific Ave,San Francisco,CA,94133,4440
Liang's Food,-122.408716854,37.7963456033,1145 Stockton St,San Francisco,CA,94133,4906
WAH HING MARKET,-122.408222227,37.79686721,1200 Stockton St,San Francisco,CA,94133,4311
WALGREENS #0893,-122.408384105,37.7982431727,1344 Stockton St,San Francisco,CA,94133,3807
New Luen Sing Fish Market,-122.40873484,37.7969211694,1207 Stockton St,San Francisco,CA,94133,4310
Long Hua Grocery Store,-122.407745586,37.7969931151,754 Pacific Ave,San Francisco,CA,94133,4440
7-Eleven 33006B,-122.41325843,37.8050510405,2650 Mason St,San Francisco,CA,94133,1210
SHENG HING MARKET INC,-122.408527996,37.7959768812,1107 Stockton St,San Francisco,CA,94133,4906
HANG SENG MEAT MARKET,-122.40901363,37.795886949,834 Jackson St,San Francisco,CA,94133,4817
WALGREENS 02125,-122.412871722,37.8061931795,320 Bay St,San Francisco,CA,94133,1902
WALGREENS 05815,-122.417197461,37.8047992303,2801 JONES ST,SAN FRANCISCO,CA,94133,1119
ABC SUPERMARKET INC,-122.407565722,37.7974517693,641 Broadway,San Francisco,CA,94133,4405
CHINA DRAGON TRADING INC,-122.407053108,37.7961387592,714 Jackson St,San Francisco,CA,94133,4903
LUEN FAT MARKET,-122.408699035645,37.7962303161621,1135 Stockton St,San Francisco,CA,94133,4966
Fong Seng Co,-122.406558481,37.7964355355,1024 Grant Ave,San Francisco,CA,94133,5005
Kum Luen,-122.408815779,37.7973078778,1265 Stockton St,San Francisco,CA,94133,4310
CHUNG HING PRODUCE COMPANY,-122.409867986,37.7966513727,1300 Powell St,San Francisco,CA,94133,4308
KIN SUN MARKET INC.,-122.408060349,37.7961567456,1118 Stockton St,San Francisco,CA,94133,4907
Mei Sheng Market,-122.407053108,37.7970021083,1101 Grant Ave,San Francisco,CA,94133,4407
NEW J C MARKET,-122.408860745,37.7959768812,830 Jackson St,San Francisco,CA,94133,4817
SAFEWAY 1206,-122.41381601,37.805806471,350 BAY STREET,SAN FRANCISCO,CA,94133
TRADER JOE'S 19,-122.413330376,37.8053927829,401 Bay St,San Francisco,CA,94133,1860
SUN SANG MARKET,-122.40873484,37.7969211694,1205 Stockton St,San Francisco,CA,94133,4310
CITY SUPER LLC,-122.40801538,37.79606681,1108 Stockton St,San Francisco,CA,94133,4907
"NEW FRUIT CITY, LLC",-122.4084408,37.79686263,1210 Stockton St,San Francisco,CA,94133,4311
Shunfar Produce,-122.40851815,37.79689877,1215 Stockton St,San Francisco,CA,94133,4310
"NORTHERN HERBS, INC.",-122.408653901,37.7988996778,1418 Stockton St,San Francisco,CA,94133,3815
HING LUNG COMPANY,-122.408815779,37.7973078778,1261 Stockton St,San Francisco,CA,94133,4310
New Louies Inc,-122.40873484,37.7969211694,1213 Stockton St,San Francisco,CA,94133,4310
BEST FOOD #1,-122.408357125,37.7974607626,1262 Stockton St,San Francisco,CA,94133,4312
Lees Market,-122.409103562,37.7988726982,1401 Stockton St,San Francisco,CA,94133,3817
LITTLE PARADISE TOO LLC,-122.408474037,37.7959049355,1101 Stockton St,San Francisco,CA,94133,4906
Ivy's Food Company 2,-122.4082582,37.7970200948,1216 Stockton St,San Francisco,CA,94133,4311
JAMIE SUPERMARKET,-122.408698867,37.7962286914,1135 STOCKTON STREET,SAN FRANCISCO,CA,94133
Duk Hing,-122.408635915,37.7964355355,1151 Stockton St,San Francisco,CA,94133,4906
Gum Sun Market,-122.40906161,37.79580089,844 Jackson St,San Francisco,CA,94133,4853
Chang Hong Meat Market,-122.41035362,37.79697513,1335 Powell St,San Francisco,CA,94133,4307
Kin Fai Produce,-122.406215256647,37.7969785750686,628 Pacific Ave,San Francisco,CA,94133,4410
JAMIL'S MARKET,-122.404256217,37.7272327053,153 Bacon St,San Francisco,CA,94134,1701
7-Eleven 21389,-122.403069111,37.7123309393,2200 Bay Shore Blvd,San Francisco,CA,94134,2348
Foothill Market,-122.402502539,37.7241840036,3004 San Bruno Ave,San Francisco,CA,94134,2008
BABY NUTRITIONAL CARE 3,-122.405623186,37.7317293154,2424 San Bruno Ave,San Francisco,CA,94134,1503
LA LOMA PRODUCE #2,-122.40527245,37.7115485291,65 Leland Ave,San Francisco,CA,94134,2803
CASA LOPEZ PRODUCE,-122.40476883,37.7118453054,58 Leland Ave,San Francisco,CA,94134,2804
M & M SHORT STOP,-122.420264149,37.7086796918,2145A Geneva Ave,San Francisco,CA,94134,3118
TEDDY'S GROCERY,-122.408411084,37.7152897088,298 Teddy Ave,San Francisco,CA,94134,2340
BUS STOP LIQUOR & DELI,-122.403914474,37.7276733731,2698 San Bruno Ave,San Francisco,CA,94134,1507
WHITE PALACE LIQUORS & DELI,-122.405946942,37.7321070307,1524 Silver Ave,San Francisco,CA,94134,1230
SAN BRUNO SUPERMARKET,-122.405110573,37.7304612714,2480 San Bruno Ave,San Francisco,CA,94134,1526
SHUN LEE MARKET,-122.404040379,37.7110898749,2400 Bay Shore Blvd,San Francisco,CA,94134,2902
Walgreens 01626,-122.404921715,37.7301105358,2494 San Bruno Ave,San Francisco,CA,94134,1526
J&C MARKET,-122.404714871,37.7295169833,2544 San Bruno Ave,San Francisco,CA,94134,1505
Hillcrest  Market,-122.419679589,37.7288784646,790 Silver Ave,San Francisco,CA,94134,1060
LA LOMA PRODUCE 7,-122.403293942,37.7275924341,2695 San Bruno Ave,San Francisco,CA,94134,1506
LA LOMA #10,-122.405263457,37.7309289188,2456 San Bruno Ave,San Francisco,CA,94134,1526
J & S Produce Inc,-122.40474185,37.7295799358,2542 San Bruno Ave,San Francisco,CA,94134,1505
Naser Mini Mart,-122.405639690548,37.7324252398054,2400 San Bruno Ave,San Francisco,CA,94134,1503
